{
  "cpu_only": false,
  "cpu_gpu_ratio": 0.6522246051494723,
  "gpu_fraction": 0.39475541225853333,
  "cpu_fraction": 0.6052445877414667,
  "profiled_sizes": [
    256,
    512,
    1024,
    2048
  ],
  "cpu_times": [
    4.7611333381307e-05,
    0.00020534733327319069,
    0.0011896250001276105,
    0.010407458333247632
  ],
  "gpu_times": [
    0.0009683889999602494,
    0.0007543613334443459,
    0.0018064580002222403,
    0.006388944333290662
  ]
}