{
  "cpu_only": false,
  "cpu_gpu_ratio": 0.48798949579336814,
  "gpu_fraction": 0.3279522450749434,
  "cpu_fraction": 0.6720477549250566,
  "profiled_sizes": [
    256,
    512,
    1024,
    2048
  ],
  "cpu_times": [
    5.495834435957173e-05,
    0.00021193066883521775,
    0.0010749029994864638,
    0.006589527668741842
  ],
  "gpu_times": [
    0.0011514860040430601,
    0.002151013667268368,
    0.001955346999845157,
    0.005246527337779601
  ]
}