{
  "cpu_only": false,
  "cpu_gpu_ratio": 0.5133592957276789,
  "gpu_fraction": 0.3392183846737049,
  "cpu_fraction": 0.6607816153262951,
  "profiled_sizes": [
    256,
    512,
    1024,
    2048
  ],
  "cpu_times": [
    4.805599989291901e-05,
    0.00023098633391782641,
    0.0014151946670608595,
    0.008167972669374043
  ],
  "gpu_times": [
    0.001043596998594391,
    0.0019097776676062495,
    0.0019400833334657364,
    0.00705968066904461
  ]
}