{
  "cpu_only": false,
  "cpu_gpu_ratio": 0.406311963369291,
  "gpu_fraction": 0.28892022108368803,
  "cpu_fraction": 0.7110797789163119,
  "profiled_sizes": [
    256,
    512,
    1024,
    2048
  ],
  "cpu_times": [
    5.004199677690243e-05,
    0.00024222233332693577,
    0.0009083330005523749,
    0.0061965416656069765
  ],
  "gpu_times": [
    0.0016354303321956347,
    0.001535846999710581,
    0.0023537080002521784,
    0.005895735999123038
  ]
}